{
  "id": 5010481316065,
  "admin_graphql_api_id": "gid://shopify/Order/5010481316065",
  "app_id": 580111,
  "browser_ip": "201.239.114.48",
  "buyer_accepts_marketing": false,
  "cancel_reason": null,
  "cancelled_at": null,
  "cart_token": null,
  "checkout_id": 33247377850593,
  "checkout_token": "4a4f35be26f06f898c4a861a507f61c3",
  "client_details": {
    "accept_language": "es-419,es;q=0.9",
    "browser_height": 638,
    "browser_ip": "201.239.114.48",
    "browser_width": 375,
    "session_hash": null,
    "user_agent": "Mozilla/5.0 (iPhone; CPU iPhone OS 16_1_1 like Mac OS X) AppleWebKit/605.1.15 (KHTML, like Gecko) Version/16.1 Mobile/15E148 Safari/604.1"
  },
  "closed_at": null,
  "confirmed": true,
  "contact_email": "virginia.buzeta@gmail.com",
  "created_at": "2022-11-23T16:36:18-03:00",
  "currency": "CLP",
  "current_subtotal_price": "48000",
  "current_subtotal_price_set": {
    "shop_money": {
      "amount": "48000",
      "currency_code": "CLP"
    },
    "presentment_money": {
      "amount": "48000",
      "currency_code": "CLP"
    }
  },
  "current_total_discounts": "0",
  "current_total_discounts_set": {
    "shop_money": {
      "amount": "0",
      "currency_code": "CLP"
    },
    "presentment_money": {
      "amount": "0",
      "currency_code": "CLP"
    }
  },
  "current_total_duties_set": null,
  "current_total_price": "52490",
  "current_total_price_set": {
    "shop_money": {
      "amount": "52490",
      "currency_code": "CLP"
    },
    "presentment_money": {
      "amount": "52490",
      "currency_code": "CLP"
    }
  },
  "current_total_tax": "0",
  "current_total_tax_set": {
    "shop_money": {
      "amount": "0",
      "currency_code": "CLP"
    },
    "presentment_money": {
      "amount": "0",
      "currency_code": "CLP"
    }
  },
  "customer_locale": "es-CL",
  "device_id": null,
  "discount_codes": [],
  "email": "virginia.buzeta@gmail.com",
  "estimated_taxes": false,
  "financial_status": "paid",
  "fulfillment_status": null,
  "gateway": "mercado_pago",
  "landing_site": "/products/argollas-bor-kendall?variant=38015284314263\u0026currency=CLP\u0026utm_medium=product_sync\u0026utm_source=google\u0026utm_content=sag_organic\u0026utm_campaign=sag_organic\u0026gclid=CjwKCAiApvebBhAvEiwAe7mHSHjO8yskaZdQ95IKqXkyD317SOX9lXXY4u8mfExvrP0GBXStYXwcQxoC5PIQAvD_BwE",
  "landing_site_ref": null,
  "location_id": null,
  "merchant_of_record_app_id": null,
  "name": "#9602",
  "note": "",
  "note_attributes": [],
  "number": 8602,
  "order_number": 9606,
  "order_status_url": "https://www.cantarinajoyas.com/42895540375/orders/c4856ea6a4c53515ddf415bd5d4bdd56/authenticate?key=1b35755dc256210c1ab1064c4e1681ce",
  "original_total_duties_set": null,
  "payment_gateway_names": [
    "mercado_pago"
  ],
  "phone": null,
  "presentment_currency": "CLP",
  "processed_at": "2022-11-23T16:36:17-03:00",
  "processing_method": "offsite",
  "reference": null,
  "referring_site": "https://www.google.cl/",
  "source_identifier": null,
  "source_name": "web",
  "source_url": null,
  "subtotal_price": "48000",
  "subtotal_price_set": {
    "shop_money": {
      "amount": "48000",
      "currency_code": "CLP"
    },
    "presentment_money": {
      "amount": "48000",
      "currency_code": "CLP"
    }
  },
  "tags": "",
  "tax_lines": [],
  "taxes_included": false,
  "test": false,
  "token": "c4856ea6a4c53515ddf415bd5d4bdd56",
  "total_discounts": "0",
  "total_discounts_set": {
    "shop_money": {
      "amount": "0",
      "currency_code": "CLP"
    },
    "presentment_money": {
      "amount": "0",
      "currency_code": "CLP"
    }
  },
  "total_line_items_price": "48000",
  "total_line_items_price_set": {
    "shop_money": {
      "amount": "48000",
      "currency_code": "CLP"
    },
    "presentment_money": {
      "amount": "48000",
      "currency_code": "CLP"
    }
  },
  "total_outstanding": "0",
  "total_price": "52490",
  "total_price_set": {
    "shop_money": {
      "amount": "52490",
      "currency_code": "CLP"
    },
    "presentment_money": {
      "amount": "52490",
      "currency_code": "CLP"
    }
  },
  "total_shipping_price_set": {
    "shop_money": {
      "amount": "4490",
      "currency_code": "CLP"
    },
    "presentment_money": {
      "amount": "4490",
      "currency_code": "CLP"
    }
  },
  "total_tax": "0",
  "total_tax_set": {
    "shop_money": {
      "amount": "0",
      "currency_code": "CLP"
    },
    "presentment_money": {
      "amount": "0",
      "currency_code": "CLP"
    }
  },
  "total_tip_received": "0",
  "total_weight": 0,
  "updated_at": "2022-11-23T16:36:21-03:00",
  "user_id": null,
  "billing_address": {
    "first_name": "Virginia ",
    "address1": "Exequiel Fernández 605, depto 132",
    "phone": "+56 9 6677 5504",
    "city": "Santiago ",
    "zip": "ÑUÑOA",
    "province": "Santiago",
    "country": "Chile",
    "last_name": "Buzeta",
    "address2": null,
    "company": "157770896",
    "latitude": null,
    "longitude": null,
    "name": "Virginia  Buzeta",
    "country_code": "CL",
    "province_code": "RM"
  },
  "customer": {
    "id": 6058052124897,
    "email": "virginia.buzeta@gmail.com",
    "accepts_marketing": false,
    "created_at": "2022-01-25T12:25:37-03:00",
    "updated_at": "2022-11-23T16:36:19-03:00",
    "first_name": "Virginia",
    "last_name": "Buzeta",
    "state": "disabled",
    "note": null,
    "verified_email": true,
    "multipass_identifier": null,
    "tax_exempt": false,
    "tags": "",
    "currency": "CLP",
    "phone": "+56965478596",
    "accepts_marketing_updated_at": "2022-01-25T12:25:38-03:00",
    "marketing_opt_in_level": null,
    "email_marketing_consent": {
      "state": "not_subscribed",
      "opt_in_level": "single_opt_in",
      "consent_updated_at": null
    },
    "sms_marketing_consent": null,
    "admin_graphql_api_id": "gid://shopify/Customer/6058052124897",
    "default_address": {
      "id": 8050200019169,
      "customer_id": 6058052124897,
      "first_name": "Virginia ",
      "last_name": "Buzeta",
      "company": "157770896",
      "address1": "Exequiel Fernández 605, depto 132",
      "address2": "dejar en la ventana",
      "city": "Santiago",
      "province": "Santiago",
      "country": "Chile",
      "zip": "ÑUÑOA",
      "phone": "+56 9 6677 5504",
      "name": "Virginia  Buzeta",
      "province_code": "RM",
      "country_code": "CL",
      "country_name": "Chile",
      "default": true
    }
  },
  "discount_applications": [],
  "fulfillments": [],
  "line_items": [
    {
      "id": 12584791965921,
      "admin_graphql_api_id": "gid://shopify/LineItem/12584791965921",
      "fulfillable_quantity": 1,
      "fulfillment_service": "manual",
      "fulfillment_status": null,
      "gift_card": false,
      "grams": 0,
      "name": "ARGOLLAS BOR LETRA TAMARA - V",
      "price": "22000",
      "price_set": {
        "shop_money": {
          "amount": "22000",
          "currency_code": "CLP"
        },
        "presentment_money": {
          "amount": "22000",
          "currency_code": "CLP"
        }
      },
      "product_exists": true,
      "product_id": 7634081251553,
      "properties": [],
      "quantity": 1,
      "requires_shipping": true,
      "sku": "ARGBORLOURDES21",
      "taxable": false,
      "title": "ARGOLLAS BOR LETRA TAMARA",
      "total_discount": "0",
      "total_discount_set": {
        "shop_money": {
          "amount": "0",
          "currency_code": "CLP"
        },
        "presentment_money": {
          "amount": "0",
          "currency_code": "CLP"
        }
      },
      "variant_id": 42677715992801,
      "variant_inventory_management": "shopify",
      "variant_title": "V",
      "vendor": "JAIDUR",
      "tax_lines": [
        {
          "channel_liable": false,
          "price": "0",
          "price_set": {
            "shop_money": {
              "amount": "0",
              "currency_code": "CLP"
            },
            "presentment_money": {
              "amount": "0",
              "currency_code": "CLP"
            }
          },
          "rate": 0.19,
          "title": "VAT"
        }
      ],
      "duties": [],
      "discount_allocations": []
    },
    {
      "id": 12584791998689,
      "admin_graphql_api_id": "gid://shopify/LineItem/12584791998689",
      "fulfillable_quantity": 1,
      "fulfillment_service": "manual",
      "fulfillment_status": null,
      "gift_card": false,
      "grams": 0,
      "name": "ARGOLLAS BOR LOURDES",
      "price": "26000",
      "price_set": {
        "shop_money": {
          "amount": "26000",
          "currency_code": "CLP"
        },
        "presentment_money": {
          "amount": "26000",
          "currency_code": "CLP"
        }
      },
      "product_exists": true,
      "product_id": 6414651326615,
      "properties": [],
      "quantity": 1,
      "requires_shipping": true,
      "sku": "ARGBORLOURDES20",
      "taxable": false,
      "title": "ARGOLLAS BOR LOURDES",
      "total_discount": "0",
      "total_discount_set": {
        "shop_money": {
          "amount": "0",
          "currency_code": "CLP"
        },
        "presentment_money": {
          "amount": "0",
          "currency_code": "CLP"
        }
      },
      "variant_id": 39007586877591,
      "variant_inventory_management": "shopify",
      "variant_title": "",
      "vendor": "CLAUDIA",
      "tax_lines": [
        {
          "channel_liable": false,
          "price": "0",
          "price_set": {
            "shop_money": {
              "amount": "0",
              "currency_code": "CLP"
            },
            "presentment_money": {
              "amount": "0",
              "currency_code": "CLP"
            }
          },
          "rate": 0.19,
          "title": "VAT"
        }
      ],
      "duties": [],
      "discount_allocations": []
    }
  ],
  "payment_terms": null,
  "refunds": [],
  "shipping_address": {
    "first_name": "Virginia ",
    "address1": "Exequiel Fernández 605, depto 132",
    "phone": "+56 9 6677 5504",
    "city": "Santiago ",
    "zip": "ÑUÑOA",
    "province": "Santiago",
    "country": "Chile",
    "last_name": "Buzeta",
    "address2": "con el conserje",
    "company": "157770896",
    "latitude": null,
    "longitude": null,
    "name": "Virginia  Buzeta",
    "country_code": "CL",
    "province_code": "RM"
  },
  "shipping_lines": [
    {
      "id": 4126101405921,
      "carrier_identifier": null,
      "code": "Despacho a domicilio",
      "delivery_category": null,
      "discounted_price": "4490",
      "discounted_price_set": {
        "shop_money": {
          "amount": "4490",
          "currency_code": "CLP"
        },
        "presentment_money": {
          "amount": "4490",
          "currency_code": "CLP"
        }
      },
      "phone": null,
      "price": "4490",
      "price_set": {
        "shop_money": {
          "amount": "4490",
          "currency_code": "CLP"
        },
        "presentment_money": {
          "amount": "4490",
          "currency_code": "CLP"
        }
      },
      "requested_fulfillment_service_id": null,
      "source": "shopify",
      "title": "Despacho a domicilio",
      "tax_lines": [],
      "discount_allocations": []
    }
  ],
  "format": "json",
  "controller": "api/v1/orders",
  "action": "create",
  "order": {
    "id": 5010481316065,
    "number": 8602,
    "created_at": "2022-11-23T16:36:18-03:00",
    "updated_at": "2022-11-23T16:36:21-03:00"
  }
}